{
    "text": " Yeah.",
    "segments": [
        {
            "id": 0,
            "seek": 0,
            "start": 0.0,
            "end": 0.5,
            "text": " Yeah.",
            "tokens": [
                50364,
                865,
                13,
                50389
            ],
            "temperature": 0.0,
            "avg_logprob": -0.5152514457702637,
            "compression_ratio": 0.38461538461538464,
            "no_speech_prob": 0.5187121629714966,
            "words": [
                {
                    "word": " Yeah.",
                    "start": 0.0,
                    "end": 0.5,
                    "probability": 0.5515264272689819
                }
            ]
        }
    ],
    "language": "en"
}