{
    "text": " Yeah, I also think...",
    "segments": [
        {
            "id": 0,
            "seek": 0,
            "start": 0.0,
            "end": 1.46,
            "text": " Yeah, I also think...",
            "tokens": [
                50364,
                865,
                11,
                286,
                611,
                519,
                485,
                50464
            ],
            "temperature": 0.0,
            "avg_logprob": -0.5338886578877767,
            "compression_ratio": 0.7241379310344828,
            "no_speech_prob": 0.2409268617630005,
            "words": [
                {
                    "word": " Yeah,",
                    "start": 0.0,
                    "end": 0.44,
                    "probability": 0.5097489953041077
                },
                {
                    "word": " I",
                    "start": 0.68,
                    "end": 0.74,
                    "probability": 0.9689234495162964
                },
                {
                    "word": " also",
                    "start": 0.74,
                    "end": 1.0,
                    "probability": 0.9899585843086243
                },
                {
                    "word": " think...",
                    "start": 1.0,
                    "end": 1.46,
                    "probability": 0.6358093768358231
                }
            ]
        }
    ],
    "language": "en"
}