{
    "text": " There's some more stuff.",
    "segments": [
        {
            "id": 0,
            "seek": 0,
            "start": 0.12,
            "end": 1.26,
            "text": " There's some more stuff.",
            "tokens": [
                50364,
                821,
                311,
                512,
                544,
                1507,
                13,
                50448
            ],
            "temperature": 0.0,
            "avg_logprob": -0.4365982744428847,
            "compression_ratio": 0.75,
            "no_speech_prob": 0.11736404895782471,
            "words": [
                {
                    "word": " There's",
                    "start": 0.12,
                    "end": 0.56,
                    "probability": 0.7813507914543152
                },
                {
                    "word": " some",
                    "start": 0.56,
                    "end": 0.78,
                    "probability": 0.9250672459602356
                },
                {
                    "word": " more",
                    "start": 0.78,
                    "end": 0.96,
                    "probability": 0.9918504357337952
                },
                {
                    "word": " stuff.",
                    "start": 0.96,
                    "end": 1.26,
                    "probability": 0.9944779872894287
                }
            ]
        }
    ],
    "language": "en"
}