{
    "text": " cozy.",
    "segments": [
        {
            "id": 0,
            "seek": 0,
            "start": 0.0,
            "end": 0.4,
            "text": " cozy.",
            "tokens": [
                50364,
                29414,
                13,
                50389
            ],
            "temperature": 0.0,
            "avg_logprob": -0.8621623992919922,
            "compression_ratio": 0.38461538461538464,
            "no_speech_prob": 0.5312490463256836,
            "words": [
                {
                    "word": " cozy.",
                    "start": 0.0,
                    "end": 0.4,
                    "probability": 0.2672714591026306
                }
            ]
        }
    ],
    "language": "en"
}