{
    "text": " clan.",
    "segments": [
        {
            "id": 0,
            "seek": 0,
            "start": 0.0,
            "end": 0.02,
            "text": " clan.",
            "tokens": [
                50364,
                25887,
                13,
                50464
            ],
            "temperature": 0.0,
            "avg_logprob": -0.8684441566467285,
            "compression_ratio": 0.38461538461538464,
            "no_speech_prob": 0.779238224029541,
            "words": [
                {
                    "word": " clan.",
                    "start": 0.0,
                    "end": 0.02,
                    "probability": 0.3081420063972473
                }
            ]
        }
    ],
    "language": "en"
}