{
    "text": " Hmm.",
    "segments": [
        {
            "id": 0,
            "seek": 0,
            "start": 0.0,
            "end": 0.18,
            "text": " Hmm.",
            "tokens": [
                50364,
                8239,
                13,
                50406
            ],
            "temperature": 0.0,
            "avg_logprob": -0.7204524993896484,
            "compression_ratio": 0.3333333333333333,
            "no_speech_prob": 0.7940827012062073,
            "words": [
                {
                    "word": " Hmm.",
                    "start": 0.0,
                    "end": 0.18,
                    "probability": 0.35370731353759766
                }
            ]
        }
    ],
    "language": "en"
}