{
    "text": " stairs and",
    "segments": [
        {
            "id": 0,
            "seek": 0,
            "start": 0.0,
            "end": 0.72,
            "text": " stairs and",
            "tokens": [
                50364,
                13471,
                293,
                50464
            ],
            "temperature": 0.0,
            "avg_logprob": -0.3455524444580078,
            "compression_ratio": 0.5555555555555556,
            "no_speech_prob": 0.904452919960022,
            "words": [
                {
                    "word": " stairs",
                    "start": 0.0,
                    "end": 0.52,
                    "probability": 0.3036656379699707
                },
                {
                    "word": " and",
                    "start": 0.52,
                    "end": 0.72,
                    "probability": 0.8806504607200623
                }
            ]
        }
    ],
    "language": "en"
}