{
    "text": " Yeah.",
    "segments": [
        {
            "id": 0,
            "seek": 0,
            "start": 0.0,
            "end": 0.3,
            "text": " Yeah.",
            "tokens": [
                50364,
                865,
                13,
                50406
            ],
            "temperature": 0.0,
            "avg_logprob": -0.9434318542480469,
            "compression_ratio": 0.38461538461538464,
            "no_speech_prob": 0.7323042750358582,
            "words": [
                {
                    "word": " Yeah.",
                    "start": 0.0,
                    "end": 0.3,
                    "probability": 0.1499684900045395
                }
            ]
        }
    ],
    "language": "en"
}