{
    "text": " Oh nice.",
    "segments": [
        {
            "id": 0,
            "seek": 0,
            "start": 0.0,
            "end": 0.56,
            "text": " Oh nice.",
            "tokens": [
                50364,
                876,
                1481,
                13,
                50396
            ],
            "temperature": 0.0,
            "avg_logprob": -0.9008301099141439,
            "compression_ratio": 0.5,
            "no_speech_prob": 0.4167880713939667,
            "words": [
                {
                    "word": " Oh",
                    "start": 0.0,
                    "end": 0.34,
                    "probability": 0.24122944474220276
                },
                {
                    "word": " nice.",
                    "start": 0.34,
                    "end": 0.56,
                    "probability": 0.7137424945831299
                }
            ]
        }
    ],
    "language": "en"
}