{
    "text": " Okay.",
    "segments": [
        {
            "id": 0,
            "seek": 0,
            "start": 0.0,
            "end": 0.22,
            "text": " Okay.",
            "tokens": [
                50364,
                1033,
                13,
                50406
            ],
            "temperature": 0.0,
            "avg_logprob": -0.46281943321228025,
            "compression_ratio": 0.38461538461538464,
            "no_speech_prob": 0.14338217675685883,
            "words": [
                {
                    "word": " Okay.",
                    "start": 0.0,
                    "end": 0.22,
                    "probability": 0.518636167049408
                }
            ]
        }
    ],
    "language": "en"
}