{
    "text": " No.",
    "segments": [
        {
            "id": 0,
            "seek": 0,
            "start": 0.0,
            "end": 0.3,
            "text": " No.",
            "tokens": [
                50364,
                883,
                13,
                50441
            ],
            "temperature": 0.0,
            "avg_logprob": -0.43337230682373046,
            "compression_ratio": 0.2727272727272727,
            "no_speech_prob": 0.048702776432037354,
            "words": [
                {
                    "word": " No.",
                    "start": 0.0,
                    "end": 0.3,
                    "probability": 0.5488477349281311
                }
            ]
        }
    ],
    "language": "en"
}