{
    "text": " Yeah.",
    "segments": [
        {
            "id": 0,
            "seek": 0,
            "start": 0.0,
            "end": 0.68,
            "text": " Yeah.",
            "tokens": [
                50364,
                865,
                13,
                50464
            ],
            "temperature": 0.0,
            "avg_logprob": -0.6794434547424316,
            "compression_ratio": 0.38461538461538464,
            "no_speech_prob": 0.29025498032569885,
            "words": [
                {
                    "word": " Yeah.",
                    "start": 0.0,
                    "end": 0.68,
                    "probability": 0.1764485388994217
                }
            ]
        }
    ],
    "language": "en"
}