{
    "text": " Yeah, that's, that's the goal is we want we want to generate a helpful asset for the industry is not just like marketing show, this should be like a helpful page. So yeah, the goal is to have a comparison comparing DevOps tools not a, you know, this is all of our competitors and why we're better.",
    "segments": [
        {
            "id": 0,
            "seek": 0,
            "start": 0.0,
            "end": 8.9,
            "text": " Yeah, that's, that's the goal is we want we want to generate a helpful asset for the industry is not just like marketing show, this should be like a helpful page.",
            "tokens": [
                50364,
                865,
                11,
                300,
                311,
                11,
                300,
                311,
                264,
                3387,
                307,
                321,
                528,
                321,
                528,
                281,
                8460,
                257,
                4961,
                11999,
                337,
                264,
                3518,
                307,
                406,
                445,
                411,
                6370,
                855,
                11,
                341,
                820,
                312,
                411,
                257,
                4961,
                3028,
                13,
                50814
            ],
            "temperature": 0.0,
            "avg_logprob": -0.15246583337653175,
            "compression_ratio": 1.6229508196721312,
            "no_speech_prob": 0.0001022767391987145,
            "words": [
                {
                    "word": " Yeah,",
                    "start": 0.0,
                    "end": 0.22,
                    "probability": 0.7654501795768738
                },
                {
                    "word": " that's,",
                    "start": 0.36,
                    "end": 0.92,
                    "probability": 0.9951644241809845
                },
                {
                    "word": " that's",
                    "start": 0.92,
                    "end": 1.16,
                    "probability": 0.9970506131649017
                },
                {
                    "word": " the",
                    "start": 1.16,
                    "end": 1.22,
                    "probability": 0.8413739204406738
                },
                {
                    "word": " goal",
                    "start": 1.22,
                    "end": 1.34,
                    "probability": 0.8468168377876282
                },
                {
                    "word": " is",
                    "start": 1.34,
                    "end": 1.48,
                    "probability": 0.9026686549186707
                },
                {
                    "word": " we",
                    "start": 1.48,
                    "end": 1.64,
                    "probability": 0.9593493342399597
                },
                {
                    "word": " want",
                    "start": 1.64,
                    "end": 1.8,
                    "probability": 0.9988216757774353
                },
                {
                    "word": " we",
                    "start": 1.8,
                    "end": 2.06,
                    "probability": 0.49054694175720215
                },
                {
                    "word": " want",
                    "start": 2.06,
                    "end": 2.28,
                    "probability": 0.998853325843811
                },
                {
                    "word": " to",
                    "start": 2.28,
                    "end": 2.54,
                    "probability": 0.9997652173042297
                },
                {
                    "word": " generate",
                    "start": 2.54,
                    "end": 2.82,
                    "probability": 0.9996359348297119
                },
                {
                    "word": " a",
                    "start": 2.82,
                    "end": 3.1,
                    "probability": 0.9990812540054321
                },
                {
                    "word": " helpful",
                    "start": 3.1,
                    "end": 3.4,
                    "probability": 0.9990168809890747
                },
                {
                    "word": " asset",
                    "start": 3.4,
                    "end": 3.92,
                    "probability": 0.9992309808731079
                },
                {
                    "word": " for",
                    "start": 3.92,
                    "end": 4.34,
                    "probability": 0.9944981932640076
                },
                {
                    "word": " the",
                    "start": 4.34,
                    "end": 4.54,
                    "probability": 0.999804675579071
                },
                {
                    "word": " industry",
                    "start": 4.54,
                    "end": 5.06,
                    "probability": 0.9997369647026062
                },
                {
                    "word": " is",
                    "start": 5.06,
                    "end": 5.8,
                    "probability": 0.5004247426986694
                },
                {
                    "word": " not",
                    "start": 5.8,
                    "end": 6.02,
                    "probability": 0.9521790742874146
                },
                {
                    "word": " just",
                    "start": 6.02,
                    "end": 6.22,
                    "probability": 0.9995430707931519
                },
                {
                    "word": " like",
                    "start": 6.22,
                    "end": 6.48,
                    "probability": 0.9992021918296814
                },
                {
                    "word": " marketing",
                    "start": 6.48,
                    "end": 6.92,
                    "probability": 0.9953631162643433
                },
                {
                    "word": " show,",
                    "start": 6.92,
                    "end": 7.32,
                    "probability": 0.40578293800354004
                },
                {
                    "word": " this",
                    "start": 7.54,
                    "end": 7.62,
                    "probability": 0.4934600591659546
                },
                {
                    "word": " should",
                    "start": 7.62,
                    "end": 7.72,
                    "probability": 0.9988717436790466
                },
                {
                    "word": " be",
                    "start": 7.72,
                    "end": 7.84,
                    "probability": 0.9999483823776245
                },
                {
                    "word": " like",
                    "start": 7.84,
                    "end": 7.96,
                    "probability": 0.9991771578788757
                },
                {
                    "word": " a",
                    "start": 7.96,
                    "end": 8.12,
                    "probability": 0.9992645382881165
                },
                {
                    "word": " helpful",
                    "start": 8.12,
                    "end": 8.3,
                    "probability": 0.9986334443092346
                },
                {
                    "word": " page.",
                    "start": 8.3,
                    "end": 8.9,
                    "probability": 0.9981814622879028
                }
            ]
        },
        {
            "id": 1,
            "seek": 0,
            "start": 10.06,
            "end": 17.04,