{
    "text": " Yeah.",
    "segments": [
        {
            "id": 0,
            "seek": 0,
            "start": 0.0,
            "end": 0.02,
            "text": " Yeah.",
            "tokens": [
                50364,
                865,
                13,
                50441
            ],
            "temperature": 0.0,
            "avg_logprob": -0.4273775577545166,
            "compression_ratio": 0.38461538461538464,
            "no_speech_prob": 0.2869240939617157,
            "words": [
                {
                    "word": " Yeah.",
                    "start": 0.0,
                    "end": 0.02,
                    "probability": 0.6179715394973755
                }
            ]
        }
    ],
    "language": "en"
}