{
    "text": " I like that.",
    "segments": [
        {
            "id": 0,
            "seek": 0,
            "start": 0.0,
            "end": 1.44,
            "text": " I like that.",
            "tokens": [
                50364,
                286,
                411,
                300,
                13,
                50516
            ],
            "temperature": 0.0,
            "avg_logprob": -0.545736483165196,
            "compression_ratio": 0.6,
            "no_speech_prob": 0.21811039745807648,
            "words": [
                {
                    "word": " I",
                    "start": 0.0,
                    "end": 0.44,
                    "probability": 0.44898509979248047
                },
                {
                    "word": " like",
                    "start": 0.44,
                    "end": 0.64,
                    "probability": 0.869455099105835
                },
                {
                    "word": " that.",
                    "start": 0.64,
                    "end": 1.44,
                    "probability": 0.976847231388092
                }
            ]
        }
    ],
    "language": "en"
}