{
    "text": " We need to have a security one in there. We could have either vulnerability management or I was what I've been struggling with a little bit is I'd like to kind of group the some of this, the proprietary scanning without making it sound like they're scanning improvements, because that sounds like they weren't good before.",
    "segments": [
        {
            "id": 0,
            "seek": 0,
            "start": 0.46,
            "end": 16.86,
            "text": " We need to have a security one in there. We could have either vulnerability management or I was what I've been struggling with a little bit is I'd like to kind of group the some of this, the proprietary scanning",
            "tokens": [
                50364,
                492,
                643,
                281,
                362,
                257,
                3825,
                472,
                294,
                456,
                13,
                492,
                727,
                362,
                2139,
                24210,
                4592,
                420,
                286,
                390,
                437,
                286,
                600,
                668,
                9314,
                365,
                257,
                707,
                857,
                307,
                286,
                1116,
                411,
                281,
                733,
                295,
                1594,
                264,
                512,
                295,
                341,
                11,
                264,
                38992,
                27019,
                51414
            ],
            "temperature": 0.0,
            "avg_logprob": -0.15326508231784985,
            "compression_ratio": 1.61,
            "no_speech_prob": 0.00010389571980340406,
            "words": [
                {
                    "word": " We",
                    "start": 0.46,
                    "end": 1.02,
                    "probability": 0.4094821810722351
                },
                {
                    "word": " need",
                    "start": 1.02,
                    "end": 1.24,
                    "probability": 0.9675834774971008
                },
                {
                    "word": " to",
                    "start": 1.24,
                    "end": 1.38,
                    "probability": 0.993846595287323
                },
                {
                    "word": " have",
                    "start": 1.38,
                    "end": 1.46,
                    "probability": 0.9990529417991638
                },
                {
                    "word": " a",
                    "start": 1.46,
                    "end": 1.74,
                    "probability": 0.9963220357894897
                },
                {
                    "word": " security",
                    "start": 1.74,
                    "end": 1.98,
                    "probability": 0.9957631826400757
                },
                {
                    "word": " one",
                    "start": 1.98,
                    "end": 2.14,
                    "probability": 0.9796535968780518
                },
                {
                    "word": " in",
                    "start": 2.14,
                    "end": 2.36,
                    "probability": 0.994549572467804
                },
                {
                    "word": " there.",
                    "start": 2.36,
                    "end": 2.62,
                    "probability": 0.9958213567733765
                },
                {
                    "word": " We",
                    "start": 2.84,
                    "end": 2.84,
                    "probability": 0.991805911064148
                },
                {
                    "word": " could",
                    "start": 2.84,
                    "end": 3.0,
                    "probability": 0.9207708239555359
                },
                {
                    "word": " have",
                    "start": 3.0,
                    "end": 3.24,
                    "probability": 0.996073842048645
                },
                {
                    "word": " either",
                    "start": 3.24,
                    "end": 3.54,
                    "probability": 0.9886478781700134
                },
                {
                    "word": " vulnerability",
                    "start": 3.54,
                    "end": 4.08,
                    "probability": 0.9470685124397278
                },
                {
                    "word": " management",
                    "start": 4.08,
                    "end": 4.8,
                    "probability": 0.9936590790748596
                },
                {
                    "word": " or",
                    "start": 4.8,
                    "end": 5.62,
                    "probability": 0.8020710349082947
                },
                {
                    "word": " I",
                    "start": 5.62,
                    "end": 7.34,
                    "probability": 0.3642105758190155
                },
                {
                    "word": " was",
                    "start": 7.34,
                    "end": 7.74,
                    "probability": 0.9268631935119629
                },
                {
                    "word": " what",
                    "start": 7.74,
                    "end": 8.02,
                    "probability": 0.6652503609657288
                },
                {
                    "word": " I've",
                    "start": 8.02,
                    "end": 8.28,
                    "probability": 0.9494332671165466
                },
                {
                    "word": " been",
                    "start": 8.28,
                    "end": 8.46,
                    "probability": 0.9988433122634888
                },
                {
                    "word": " struggling",
                    "start": 8.46,
                    "end": 8.78,
                    "probability": 0.9983704686164856
                },
                {
                    "word": " with",
                    "start": 8.78,
                    "end": 9.06,
                    "probability": 0.9986116886138916
                },
                {
                    "word": " a",
                    "start": 9.06,
                    "end": 9.22,
                    "probability": 0.9757416248321533
                },
                {
                    "word": " little",
                    "start": 9.22,
                    "end": 9.36,
                    "probability": 0.99779212474823
                },
                {
                    "word": " bit",
                    "start": 9.36,
                    "end": 9.46,
                    "probability": 0.9985723495483398
                },
                {
                    "word": " is",
                    "start": 9.46,
                    "end": 9.64,
                    "probability": 0.6939316391944885
                },
                {
                    "word": " I'd",
                    "start": 9.64,
                    "end": 9.82,
                    "probability": 0.967947781085968
                },
                {
                    "word": " like",
                    "start": 9.82,
                    "end": 9.9,
                    "probability": 0.9973369240760803
                },
                {
                    "word": " to",
                    "start": 9.9,
                    "end": 10.12,
                    "probability": 0.9987269043922424
                },
                {
                    "word": " kind",
                    "start": 10.12,
                    "end": 10.28,