{
    "text": " It was like last spring or summer and then we did another set of press around the integration of it because the PR team liked all the I mean we got a lot of attention on the acquisition so they had me do a follow up on the integration. I just feel like it's kind of worn out now, but",
    "segments": [
        {
            "id": 0,
            "seek": 0,
            "start": 0.0,
            "end": 16.14,
            "text": " It was like last spring or summer and then we did another set of press around the integration of it because the PR team liked all the I mean we got a lot of attention on the acquisition so they had me do a follow up on the integration.",
            "tokens": [
                50364,
                467,
                390,
                411,
                1036,
                5587,
                420,
                4266,
                293,
                550,
                321,
                630,
                1071,
                992,
                295,
                1886,
                926,
                264,
                10980,
                295,
                309,
                570,
                264,
                11568,
                1469,
                4501,
                439,
                264,
                286,
                914,
                321,
                658,
                257,
                688,
                295,
                3202,
                322,
                264,
                21668,
                370,
                436,
                632,
                385,
                360,
                257,
                1524,
                493,
                322,
                264,
                10980,
                13,
                51164
            ],
            "temperature": 0.0,
            "avg_logprob": -0.14550945338080912,
            "compression_ratio": 1.5810055865921788,
            "no_speech_prob": 0.00021988924709148705,
            "words": [
                {
                    "word": " It",
                    "start": 0.0,
                    "end": 0.16,
                    "probability": 0.7661355137825012
                },
                {
                    "word": " was",
                    "start": 0.16,
                    "end": 0.38,
                    "probability": 0.9892348647117615
                },
                {
                    "word": " like",
                    "start": 0.38,
                    "end": 0.66,
                    "probability": 0.9068338871002197
                },
                {
                    "word": " last",
                    "start": 0.66,
                    "end": 1.0,
                    "probability": 0.9651263356208801
                },
                {
                    "word": " spring",
                    "start": 1.0,
                    "end": 1.28,
                    "probability": 0.9597657322883606
                },
                {
                    "word": " or",
                    "start": 1.28,
                    "end": 1.58,
                    "probability": 0.9905906319618225
                },
                {
                    "word": " summer",
                    "start": 1.58,
                    "end": 1.86,
                    "probability": 0.995930016040802
                },
                {
                    "word": " and",
                    "start": 1.86,
                    "end": 2.08,
                    "probability": 0.49659693241119385
                },
                {
                    "word": " then",
                    "start": 2.08,
                    "end": 2.22,
                    "probability": 0.9949136972427368
                },
                {
                    "word": " we",
                    "start": 2.22,
                    "end": 2.38,
                    "probability": 0.9953795671463013
                },
                {
                    "word": " did",
                    "start": 2.38,
                    "end": 2.56,
                    "probability": 0.999054491519928
                },
                {
                    "word": " another",
                    "start": 2.56,
                    "end": 2.94,
                    "probability": 0.9972125887870789
                },
                {
                    "word": " set",
                    "start": 2.94,
                    "end": 3.34,
                    "probability": 0.9988841414451599
                },
                {
                    "word": " of",
                    "start": 3.34,
                    "end": 3.94,
                    "probability": 0.9988815188407898
                },
                {
                    "word": " press",
                    "start": 3.94,
                    "end": 4.26,
                    "probability": 0.9754799008369446
                },
                {
                    "word": " around",
                    "start": 4.26,
                    "end": 4.72,
                    "probability": 0.9963268637657166
                },
                {
                    "word": " the",
                    "start": 4.72,
                    "end": 4.98,
                    "probability": 0.9975671768188477
                },
                {
                    "word": " integration",
                    "start": 4.98,
                    "end": 5.56,
                    "probability": 0.9986273050308228
                },
                {
                    "word": " of",
                    "start": 5.56,
                    "end": 5.86,
                    "probability": 0.9947795867919922
                },
                {
                    "word": " it",
                    "start": 5.86,
                    "end": 5.98,
                    "probability": 0.9987510442733765
                },
                {
                    "word": " because",
                    "start": 5.98,
                    "end": 6.78,
                    "probability": 0.8303816914558411
                },
                {
                    "word": " the",
                    "start": 6.78,
                    "end": 7.16,
                    "probability": 0.9549947381019592
                },
                {
                    "word": " PR",
                    "start": 7.16,
                    "end": 7.38,
                    "probability": 0.9929230213165283
                },
                {
                    "word": " team",
                    "start": 7.38,
                    "end": 7.7,
                    "probability": 0.9831714034080505
                },
                {
                    "word": " liked",
                    "start": 7.7,
                    "end": 8.0,
                    "probability": 0.9730435013771057
                },
                {
                    "word": " all",
                    "start": 8.0,
                    "end": 8.26,
                    "probability": 0.9806059002876282
                },
                {
                    "word": " the",
                    "start": 8.26,
                    "end": 8.46,
                    "probability": 0.9661475419998169
                },
                {
                    "word": " I",
                    "start": 8.46,
                    "end": 8.82,
                    "probability": 0.2660844922065735
                },
                {
                    "word": " mean",
                    "start": 8.82,
                    "end": 8.96,
                    "probability": 0.9965214729309082
                },
                {
                    "word": " we",
                    "start": 8.96,
                    "end": 9.16,
                    "probability": 0.719261109828949
                },
                {
                    "word": " got",
                    "start": 9.16,