{
    "text": " That's what I remember that to put everyone in the gym or like convert the half cafeteria gym, you know, take away the big barrier between it so that we can have more room and then take those carpets that have never been cleaned and just, you know, sit on them and it'll be it'll be great.",
    "segments": [
        {
            "id": 0,
            "seek": 0,
            "start": 0.0,
            "end": 15.14,
            "text": " That's what I remember that to put everyone in the gym or like convert the half cafeteria gym, you know, take away the big barrier between it so that we can have more room and then take those carpets that have never been cleaned and just, you know, sit on them and it'll be it'll be great.",
            "tokens": [
                50364,
                663,
                311,
                437,
                286,
                1604,
                300,
                281,
                829,
                1518,
                294,
                264,
                9222,
                420,
                411,
                7620,
                264,
                1922,
                42230,
                9222,
                11,
                291,
                458,
                11,
                747,
                1314,
                264,
                955,
                13357,
                1296,
                309,
                370,
                300,
                321,
                393,
                362,
                544,
                1808,
                293,
                550,
                747,
                729,
                26103,
                1385,
                300,
                362,
                1128,
                668,
                16146,
                293,
                445,
                11,
                291,
                458,
                11,
                1394,
                322,
                552,
                293,
                309,
                603,
                312,
                309,
                603,
                312,
                869,
                13,
                51126
            ],
            "temperature": 0.0,
            "avg_logprob": -0.17636863045070483,
            "compression_ratio": 1.6145251396648044,
            "no_speech_prob": 0.002114640548825264,
            "words": [
                {
                    "word": " That's",
                    "start": 0.0,
                    "end": 0.36,
                    "probability": 0.8151936531066895
                },
                {
                    "word": " what",
                    "start": 0.36,
                    "end": 0.6,
                    "probability": 0.2069282829761505
                },
                {
                    "word": " I",
                    "start": 0.6,
                    "end": 0.6,
                    "probability": 0.5324311256408691
                },
                {
                    "word": " remember",
                    "start": 0.6,
                    "end": 0.68,
                    "probability": 0.24312421679496765
                },
                {
                    "word": " that",
                    "start": 0.68,
                    "end": 0.9,
                    "probability": 0.7887477278709412
                },
                {
                    "word": " to",
                    "start": 0.9,
                    "end": 1.5,
                    "probability": 0.8430563807487488
                },
                {
                    "word": " put",
                    "start": 1.5,
                    "end": 1.9,
                    "probability": 0.8271656036376953
                },
                {
                    "word": " everyone",
                    "start": 1.9,
                    "end": 2.22,
                    "probability": 0.994382381439209
                },
                {
                    "word": " in",
                    "start": 2.22,
                    "end": 2.42,
                    "probability": 0.998719334602356
                },
                {
                    "word": " the",
                    "start": 2.42,
                    "end": 2.62,
                    "probability": 0.9988952875137329
                },
                {
                    "word": " gym",
                    "start": 2.62,
                    "end": 2.9,
                    "probability": 0.996971845626831
                },
                {
                    "word": " or",
                    "start": 2.9,
                    "end": 3.3,
                    "probability": 0.8465954065322876
                },
                {
                    "word": " like",
                    "start": 3.3,
                    "end": 3.56,
                    "probability": 0.9486642479896545
                },
                {
                    "word": " convert",
                    "start": 3.56,
                    "end": 3.84,
                    "probability": 0.9644361734390259
                },
                {
                    "word": " the",
                    "start": 3.84,
                    "end": 4.1,
                    "probability": 0.9669944047927856
                },
                {
                    "word": " half",
                    "start": 4.1,
                    "end": 4.38,
                    "probability": 0.9577456712722778
                },
                {
                    "word": " cafeteria",
                    "start": 4.38,
                    "end": 4.92,
                    "probability": 0.9831081032752991
                },
                {
                    "word": " gym,",
                    "start": 4.92,
                    "end": 5.44,
                    "probability": 0.9040858745574951
                },
                {
                    "word": " you",
                    "start": 5.82,
                    "end": 5.82,
                    "probability": 0.94964998960495
                },
                {
                    "word": " know,",
                    "start": 5.82,
                    "end": 6.04,
                    "probability": 0.9973956346511841
                },
                {
                    "word": " take",
                    "start": 6.14,
                    "end": 6.28,
                    "probability": 0.9493560791015625
                },
                {
                    "word": " away",
                    "start": 6.28,
                    "end": 6.48,
                    "probability": 0.9992800354957581
                },
                {
                    "word": " the",
                    "start": 6.48,
                    "end": 6.72,
                    "probability": 0.9939931035041809
                },
                {
                    "word": " big",
                    "start": 6.72,
                    "end": 6.88,
                    "probability": 0.9978460073471069
                },
                {
                    "word": " barrier",
                    "start": 6.88,
                    "end": 7.36,
                    "probability": 0.9990615248680115
                },
                {
                    "word": " between",
                    "start": 7.36,
                    "end": 8.16,
                    "probability": 0.9169027209281921
                },
                {
                    "word": " it",
                    "start": 8.16,
                    "end": 8.42,
                    "probability": 0.9984309077262878
                },
                {
                    "word": " so",
                    "start": 8.42,
                    "end": 8.58,
                    "probability": 0.9089840054512024
                },
                {
                    "word": " that",