{
    "text": " Yeah.",
    "segments": [
        {
            "id": 0,
            "seek": 0,
            "start": 0.0,
            "end": 0.06,
            "text": " Yeah.",
            "tokens": [
                50364,
                865,
                13,
                50441
            ],
            "temperature": 0.0,
            "avg_logprob": -0.3632662296295166,
            "compression_ratio": 0.38461538461538464,
            "no_speech_prob": 0.29672136902809143,
            "words": [
                {
                    "word": " Yeah.",
                    "start": 0.0,
                    "end": 0.06,
                    "probability": 0.29497677087783813
                }
            ]
        }
    ],
    "language": "en"
}