{
    "text": " Right.",
    "segments": [
        {
            "id": 0,
            "seek": 0,
            "start": 0.0,
            "end": 0.84,
            "text": " Right.",
            "tokens": [
                50364,
                1779,
                13,
                50456
            ],
            "temperature": 0.0,
            "avg_logprob": -0.6703899383544922,
            "compression_ratio": 0.42857142857142855,
            "no_speech_prob": 0.027342669665813446,
            "words": [
                {
                    "word": " Right.",
                    "start": 0.0,
                    "end": 0.84,
                    "probability": 0.6805150508880615
                }
            ]
        }
    ],
    "language": "en"
}