{
    "text": " Yeah.",
    "segments": [
        {
            "id": 0,
            "seek": 0,
            "start": 0.0,
            "end": 0.3,
            "text": " Yeah.",
            "tokens": [
                50364,
                865,
                13,
                50389
            ],
            "temperature": 0.0,
            "avg_logprob": -0.4999668598175049,
            "compression_ratio": 0.38461538461538464,
            "no_speech_prob": 0.1594516783952713,
            "words": [
                {
                    "word": " Yeah.",
                    "start": 0.0,
                    "end": 0.3,
                    "probability": 0.6755677461624146
                }
            ]
        }
    ],
    "language": "en"
}