{
    "text": " Mm-hmm.",
    "segments": [
        {
            "id": 0,
            "seek": 0,
            "start": 0.0,
            "end": 0.28,
            "text": " Mm-hmm.",
            "tokens": [
                50364,
                8266,
                12,
                10250,
                13,
                50406
            ],
            "temperature": 0.0,
            "avg_logprob": -0.6897588457380023,
            "compression_ratio": 0.4666666666666667,
            "no_speech_prob": 0.7289703488349915,
            "words": [
                {
                    "word": " Mm",
                    "start": 0.0,
                    "end": 0.02,
                    "probability": 0.43307802081108093
                },
                {
                    "word": "-hmm.",
                    "start": 0.02,
                    "end": 0.28,
                    "probability": 0.8820497691631317
                }
            ]
        }
    ],
    "language": "en"
}