{
    "text": " Yeah.",
    "segments": [
        {
            "id": 0,
            "seek": 0,
            "start": 0.0,
            "end": 0.32,
            "text": " Yeah.",
            "tokens": [
                50364,
                865,
                13,
                50441
            ],
            "temperature": 0.0,
            "avg_logprob": -0.44592790603637694,
            "compression_ratio": 0.38461538461538464,
            "no_speech_prob": 0.4851131737232208,
            "words": [
                {
                    "word": " Yeah.",
                    "start": 0.0,
                    "end": 0.32,
                    "probability": 0.2790273427963257
                }
            ]
        }
    ],
    "language": "en"
}