{
    "text": " Okay.",
    "segments": [
        {
            "id": 0,
            "seek": 0,
            "start": 0.0,
            "end": 0.22,
            "text": " Okay.",
            "tokens": [
                50364,
                1033,
                13,
                50389
            ],
            "temperature": 0.0,
            "avg_logprob": -0.47711358070373533,
            "compression_ratio": 0.38461538461538464,
            "no_speech_prob": 0.30638089776039124,
            "words": [
                {
                    "word": " Okay.",
                    "start": 0.0,
                    "end": 0.22,
                    "probability": 0.6324840188026428
                }
            ]
        }
    ],
    "language": "en"
}