{
    "text": " Yeah.",
    "segments": [
        {
            "id": 0,
            "seek": 0,
            "start": 0.0,
            "end": 0.02,
            "text": " Yeah.",
            "tokens": [
                50364,
                865,
                13,
                50441
            ],
            "temperature": 0.0,
            "avg_logprob": -0.7329573631286621,
            "compression_ratio": 0.38461538461538464,
            "no_speech_prob": 0.8312848806381226,
            "words": [
                {
                    "word": " Yeah.",
                    "start": 0.0,
                    "end": 0.02,
                    "probability": 0.12804147601127625
                }
            ]
        }
    ],
    "language": "en"
}