{
    "text": " Yeah",
    "segments": [
        {
            "id": 0,
            "seek": 0,
            "start": 0.0,
            "end": 0.34,
            "text": " Yeah",
            "tokens": [
                50364,
                865,
                50464
            ],
            "temperature": 0.0,
            "avg_logprob": -0.33424851298332214,
            "compression_ratio": 0.3333333333333333,
            "no_speech_prob": 0.5287719368934631,
            "words": [
                {
                    "word": " Yeah",
                    "start": 0.0,
                    "end": 0.34,
                    "probability": 0.4949567914009094
                }
            ]
        }
    ],
    "language": "en"
}