{
    "text": " boxes and",
    "segments": [
        {
            "id": 0,
            "seek": 0,
            "start": 0.0,
            "end": 1.02,
            "text": " boxes and",
            "tokens": [
                50364,
                9002,
                293,
                50464
            ],
            "temperature": 0.0,
            "avg_logprob": -0.33328862190246583,
            "compression_ratio": 0.5294117647058824,
            "no_speech_prob": 0.5212497711181641,
            "words": [
                {
                    "word": " boxes",
                    "start": 0.0,
                    "end": 0.64,
                    "probability": 0.8144441843032837
                },
                {
                    "word": " and",
                    "start": 0.64,
                    "end": 1.02,
                    "probability": 0.9445115923881531
                }
            ]
        }
    ],
    "language": "en"
}